b'Amo,1
peliculas,1
Greek,1
Wedding,1
\xf0\x9f\xa5\xba\xf0\x9f\xa5\xb0',1
b'10,1
videojuegos,1
para,2
conocerme:,1
FFIX,1
NieR,1
Automata,1
Darksiders,1
Bloodborne,1
Monster,1
Hunter,1
World,2
\xf0\x9f\x8e\xae,1
b'RT,9
\xe2\x80\x9cOf,1
many,1
series,1
about,2
immigration,1
gentrification,1
cross-cultural,1
identities,1
that,1
have,1
sprung,1
past,1
several,1
years\xe2\x80\xa6',1
Nina,2
Simone,2
\xe2\x80\x9cI,1
Spell,1
"You""",1
Classic!,1
#Music,1
#Jazz,1
#NinaSimone,1
#Musica,1
b'Personal,1
trainer,1
#fitness,1
#entrenoencasa,1
#gym,1
#cuarentena,2
#personaltrainer,1
#personaltraining,1
#Entretenimiento,1
b'Mood,1
b'OMG,1
CANT,1
BELIVE,1
\xf0\x9f\x98\xb1\xf0\x9f\x98\xb1\xf0\x9f\x98\xb1,1
b'By,1
studying,1
influenza,1
mice,1
cells,1
researchers,1
identify,1
glucose,1
metabolism,1
pathway,1
critical,1
dysregul,1
@___wllflwr,1
bestfriEND,1
girlfrEND,1
boyfriEND,1
cuarentena,2
only,1
end',1
Shop,1
Channel,1
"""Main",1
Theme,1
Kazumi,1
Totaka,1
2006,1
#TokyoGameHouse,1
#BeatbitTGH,1
#Wii,1
#N\xe2\x80\xa6',1
b'Checatte!!,1
b'Dragged,1
Across,1
Concrete,1
escrita,1
Craig,1
Zahler,1
Gibson,1
Vince,1
Vaughn,1
Tory,1
Kittles,1
Michael,1
Denki,1
tera,1
south,1
Indian,1
banaya,1
Sumi,1
come,1
fast,1
breakfast,1
thanda,1
raha,1
yaar,1
_Arsh\xe2\x80\xa6',1
b'Spinnin,1
Sessions,1
Radio,1
Episode,1
#368,1
Hardway,1
#amazing,1
#youtube,1
#entretenimiento',1
#StayHome,1
&amp,1
enjoy,1
_127,1
_official,1
_members,1
_Jihoon_twt,1
_GW\xe2\x80\xa6',1
"b""RT",1
Simple,1
minds,1
don't,1
forget,1
#luislledo,1
#quedatencasa,1
#ArenaNuncaMas,1
#FeelSpecial,1
Amigatronics,1
#Videojuegos,1
#anotherworld,1
#outofthisworld,1
Another,1
MorphOS,1
usuario,1
Funko,1
2020,1
Exclusives,1
Games,1
Diablo,1
Available,1
_Ent,1
\xe2\x80\xa6',1
Unreal,1
Engine,1
Revealed,1
Next-Gen,1
Real-Time,1
Demo,1
Running,1
PlayStation,1
#UnrealEngine5,1
#Un\xe2\x80\xa6',1
